<?xml version="1.0" encoding="utf-8" ?>
<dwsync>
<file name=".DS_Store" server="ditwebcns.jcu.edu.au/public_html/db/" local="130739641840000000" remote="130739823730000000" Dst="0" />
<file name="Aquapella01.jpg" server="ditwebcns.jcu.edu.au/public_html/db/" local="129680386700000000" remote="130739823770000000" Dst="0" />
<file name="AVIVA-LANE500.jpg" server="ditwebcns.jcu.edu.au/public_html/db/" local="130237484240000000" remote="130739823800000000" Dst="0" />
<file name="AVIVA-TREEcrop400.jpg" server="ditwebcns.jcu.edu.au/public_html/db/" local="130237483620000000" remote="130739823820000000" Dst="0" />
<file name="Camerata.jpg" server="ditwebcns.jcu.edu.au/public_html/db/" local="130354398380000000" remote="130739823840000000" Dst="0" />
<file name="Celtic-Fyre-Wall-with-Fire8.jpg" server="ditwebcns.jcu.edu.au/public_html/db/" local="130351457540000000" remote="130739823880000000" Dst="0" />
<file name="CelticFyre800.jpg" server="ditwebcns.jcu.edu.au/public_html/db/" local="130111461720000000" remote="130739823930000000" Dst="0" />
<file name="DD600400.png" server="ditwebcns.jcu.edu.au/public_html/db/" local="130658169620000000" remote="130739824030000000" Dst="0" />
<file name="Harbourside.jpg" server="ditwebcns.jcu.edu.au/public_html/db/" local="130043985420000000" remote="130739824070000000" Dst="0" />
<file name="Poms.jpg" server="ditwebcns.jcu.edu.au/public_html/db/" local="129701837640000000" remote="130739824100000000" Dst="0" />
<file name="Rosewood01.jpg" server="ditwebcns.jcu.edu.au/public_html/db/" local="129680481160000000" remote="130739824220000000" Dst="0" />
<file name="SNBB1.jpg" server="ditwebcns.jcu.edu.au/public_html/db/" local="130739642300000000" remote="130739824260000000" Dst="0" />
<file name="Stokes.jpg" server="ditwebcns.jcu.edu.au/public_html/db/" local="129963662980000000" remote="130739824280000000" Dst="0" />
<file name="TCBSaxLogo800.jpg" server="ditwebcns.jcu.edu.au/public_html/db/" local="130406781380000000" remote="130739824300000000" Dst="0" />
<file name="Wassa01.jpg" server="ditwebcns.jcu.edu.au/public_html/db/" local="129680350280000000" remote="130739824320000000" Dst="0" />
</dwsync>